CLOCK;MEMORY_USED;PAPI_L1_TCM;PAPI_L2_TCM;PAPI_L3_TCM;PAPI_L2_TCA;PAPI_L3_TCA
3792718426;2048000;162035;352259;2409;114272;352259
3793382848;2048000;162019;351844;2776;114244;351844
3792708114;2048000;161976;351776;2719;114221;351776
3793305974;2048000;162108;352116;2624;114399;352116
3796965362;2048000;162230;357080;91362;113592;357080
3793070180;2048000;162304;352442;2628;114577;352442
3792744406;2048000;162404;352082;2402;114731;352082
3792742314;2048000;162052;352113;2561;114300;352113
3792158194;2048000;162117;351934;2285;114335;351934
3791833490;2048000;162014;352271;2546;114292;352271
3981499790;2150400;170156;370026;2622;119976;370026
3981049990;2150400;202109;439103;455;151843;439103
3982833624;2150400;170280;370136;2840;120207;370136
3983601556;2150400;170253;370101;3004;120126;370101
3982558726;2150400;170251;369533;2617;120128;369533
3982275290;2150400;170266;369875;2659;120116;369875
3981743222;2150400;170347;369866;2730;120195;369866
3982339306;2150400;170549;370112;2685;120419;370112
3982527686;2150400;170407;370197;2758;120222;370197
3983032764;2150400;171052;371093;3132;121140;371093
4171020956;2252800;178661;388050;2683;126168;388050
4171817952;2252800;178708;387833;2865;126250;387833
4171664038;2252800;178752;388188;3384;126222;388188
4169655062;2252800;210282;457779;655;157538;457779
4152152656;2252800;178715;387755;3569;126342;387755
4171144868;2252800;178404;387676;3194;125857;387676
4172157294;2252800;178805;387553;3670;126269;387553
4171881542;2252800;178556;387694;3402;126035;387694
4171998384;2252800;178607;387785;3762;126201;387785
4171864910;2252800;179207;387598;3921;126820;387598
4362727456;2355200;187210;404990;4886;132439;404990
4361778022;2355200;186750;405391;2838;131846;405391
4361667324;2355200;186623;405290;3621;131705;405290
4359701814;2355200;218400;475561;566;163268;475561
4362582562;2355200;186870;405749;3826;131896;405749
4361732984;2355200;186790;405482;3172;131935;405482
4337339460;2355200;186572;405493;2873;131580;405493
4361160922;2355200;187320;405662;3176;132400;405662
4361499108;2355200;186871;405766;3681;131929;405766
4360012098;2355200;218476;475769;687;163377;475769
4550210080;2457600;194979;423254;3698;137620;423254
4551370580;2457600;194943;423355;3575;137543;423355
4552676254;2457600;195286;423320;4370;137992;423320
4551940450;2457600;194881;423325;4996;137538;423325
4551507368;2457600;195057;423031;4300;137710;423031
4526949776;2457600;226404;493052;942;168965;493052
4533713210;2457600;194758;423633;4057;137399;423633
4538897122;2457600;194652;422910;3351;137342;422910
4543183912;2457600;195077;423231;4388;137707;423231
4551310374;2457600;195081;423105;3829;137826;423105
4740665674;2560000;203130;440811;3924;143400;440811
4739724646;2560000;203082;440687;3638;143314;440687
4744722946;2560000;203290;446936;120477;139177;446936
4747687530;2560000;234734;512631;42762;173013;512631
4742061962;2560000;203209;441247;4244;143497;441247
4739899736;2560000;234543;510571;2237;174634;510571
4740532368;2560000;203510;440894;3953;143810;440894
4741911092;2560000;202978;440605;5083;143199;440605
4738799180;2560000;234857;510942;1191;174921;510942
4741128244;2560000;203433;441138;5074;143666;441138
4929431294;2662400;211072;458464;4089;148774;458464
4923026462;2662400;242693;528287;860;180451;528287
4929173990;2662400;211244;458053;3736;149033;458053
4927409570;2662400;211637;458652;5684;149577;458652
4930370006;2662400;211524;459790;3819;149498;459790
4931416736;2662400;211348;458540;4071;149333;458540
4930784172;2662400;242756;528244;1028;180461;528244
4931066042;2662400;211352;458319;4210;149378;458319
4927567768;2662400;242595;528445;1106;180293;528445
4926140454;2662400;210846;458366;5378;148784;458366
5119117910;2764800;219624;476239;4304;155082;476239
5116089474;2764800;219279;476121;4838;154757;476121
5117815462;2764800;250715;545978;1102;186051;545978
5107886784;2764800;219336;482821;128124;154434;482821
5120425638;2764800;219618;476407;4411;155150;476407
5119781524;2764800;219273;476105;4908;154818;476105
5118400974;2764800;250804;546119;980;186137;546119
5118468624;2764800;219434;476049;4748;154942;476049
5120153980;2764800;220159;477543;6248;155703;477543
5106776788;2764800;219728;476766;5979;155098;476766
5307111434;2867200;258876;563551;1592;191722;563551
5309593242;2867200;227604;493622;6734;160736;493622
5310460862;2867200;227908;493820;6403;160920;493820
5308555332;2867200;258957;563279;2662;191987;563279
5310327594;2867200;227658;494042;6943;160537;494042
5308612462;2867200;227492;493570;4791;160461;493570
5308669896;2867200;227769;493698;4808;160786;493698
5307281756;2867200;259248;563887;1281;192116;563887
5310457996;2867200;227513;493816;5549;160624;493816
5307934106;2867200;258866;563801;2060;191716;563801
5497580676;2969600;266921;581194;2027;197462;581194
5498265370;2969600;235389;511240;5523;165976;511240
5500908786;2969600;235950;511914;11151;166294;511914
5499140830;2969600;235477;511354;5303;166076;511354
5498621096;2969600;266914;580667;2783;197492;580667
5498300934;2969600;235789;511186;5650;166376;511186
5498550746;2969600;235800;511532;5300;166443;511532
5500891812;2969600;235766;511344;4676;166463;511344
5499373516;2969600;235535;512488;5460;166188;512488
5497370102;2969600;266902;580982;1573;197401;580982
5686617332;3072000;275065;598932;1613;203218;598932
5686533788;3072000;275012;598546;2055;203129;598546
5688954668;3072000;243878;529473;7247;172169;529473
5687482834;3072000;243904;528752;5054;172241;528752
5687167294;3072000;274996;598718;3174;203088;598718
5688353360;3072000;244202;529211;6716;172504;529211
5687772510;3072000;243984;529426;5760;172305;529426
5686256416;3072000;274935;599033;3012;202999;599033
5688787722;3072000;243987;528771;6151;172216;528771
5687006756;3072000;275331;598336;1927;203472;598336
5877366674;3174400;283127;616092;3079;208901;616092
5877983274;3174400;252062;546627;5546;177992;546627
5877142690;3174400;283540;616050;2570;209404;616050
5856504926;3174400;282869;616208;2462;208500;616208
5877607960;3174400;283290;616272;2403;209093;616272
5876084046;3174400;283050;616601;2428;208710;616601
5876016402;3174400;283157;616361;2616;208902;616361
5876657536;3174400;283197;616708;3029;208951;616708
5873167292;3174400;283198;616217;2831;208907;616217
5863795310;3174400;251982;546512;7169;177920;546512
6044856134;3276800;260138;564206;7594;183795;564206
6067749890;3276800;291574;634146;3531;214991;634146
6067818640;3276800;260367;564108;6798;183877;564108
6066658554;3276800;291382;634853;3745;214718;634853
6069226750;3276800;260540;565364;22391;183482;565364
6067919234;3276800;260148;564690;7999;183673;564690
6068388960;3276800;260250;564790;8014;183870;564790
6068827830;3276800;260344;564452;8775;183974;564452
6068599238;3276800;260320;564947;12145;183843;564947
6068054640;3276800;291401;634263;2947;214857;634263
6259242744;3379200;269009;590435;166115;189777;590435
6256489016;3379200;299154;651236;4371;220005;651236
6255438220;3379200;299114;650877;4077;219938;650877
6254917862;3379200;299662;652389;1040;220754;652389
6257578804;3379200;268497;582390;9198;189570;582390
6256840468;3379200;268154;581347;7507;189053;581347
6255369236;3379200;298941;650131;3173;219758;650131
6266739022;3379200;299098;657286;130154;214745;657286
6252183328;3379200;299008;652734;30386;218326;652734
6259005910;3379200;268492;582310;8536;189735;582310
6446274068;3481600;307544;669143;4675;226211;669143
6445165004;3481600;307598;669254;4609;226256;669254
6445321288;3481600;307303;669167;4681;225875;669167
6446817488;3481600;307501;669561;3682;226078;669561
6446847156;3481600;276325;600176;9856;195063;600176
6445863888;3481600;307019;668075;5248;225468;668075
6430142498;3481600;307117;668302;4376;225609;668302
6446547732;3481600;276413;599067;7930;194956;599067
6445116328;3481600;307166;668177;3371;225615;668177
6444804762;3481600;307032;668008;3160;225464;668008
6634593956;3584000;315235;686412;6027;231268;686412
6633543470;3584000;315231;686494;4693;231201;686494
6634058510;3584000;315185;686522;5138;231181;686522
6636376232;3584000;284673;616925;11462;200841;616925
6634091824;3584000;315775;686113;4485;231777;686113
6635025510;3584000;315405;686316;4188;231358;686316
6624624972;3584000;315308;686444;5922;231410;686444
6635325180;3584000;315290;686611;5873;231254;686611
6634772770;3584000;315370;686350;4079;231399;686350
6633995318;3584000;315182;686217;4968;231144;686217
6824793326;3686400;323350;704031;6353;236955;704031
6825107366;3686400;323095;703769;7041;236564;703769
6828423460;3686400;323492;704334;9429;237011;704334
6824056818;3686400;323346;703626;4621;236973;703626
6824242384;3686400;323441;704095;4206;237050;704095
6824667654;3686400;323362;704078;4533;236896;704078
6797450304;3686400;323177;704036;5965;236778;704036
6824668294;3686400;323775;705600;4714;237368;705600
6825043306;3686400;323362;704141;4129;236951;704141
6825194972;3686400;323229;703358;4292;236876;703358
7017755654;3788800;300678;652249;10292;211957;652249
6997483314;3788800;331522;721921;4887;242747;721921
7015211004;3788800;331556;721537;5890;242841;721537
7013634978;3788800;331422;721127;4709;242566;721127
7018067644;3788800;300647;657757;117465;205945;657757
7014425338;3788800;331476;720921;5761;242774;720921
7014281398;3788800;331524;721025;6574;242868;721025
7015497386;3788800;331522;721559;5506;242712;721559
7014094886;3788800;331477;721696;4086;242657;721696
6997317496;3788800;331357;721723;4490;242539;721723
7205877740;3891200;308971;669962;11192;218001;669962
7194708310;3891200;339591;739550;7601;248328;739550
7204071852;3891200;339556;739035;7844;248303;739035
7201996344;3891200;339565;739171;6827;248320;739171
7204802156;3891200;339789;739648;6788;248621;739648
7203241982;3891200;339677;739589;6422;248461;739589
7189292114;3891200;339664;739285;7470;248467;739285
7206436752;3891200;339710;741565;52996;248370;741565
7197603018;3891200;339714;739792;7180;248475;739792
7204220072;3891200;339620;739365;6305;248234;739365
7394503918;3993600;347744;756830;8932;254104;756830
7367970734;3993600;347524;756516;7085;253852;756516
7393935904;3993600;347754;756857;7360;254153;756857
7374635624;3993600;316977;687982;18239;223558;687982
7394681360;3993600;347569;756549;6374;253999;756549
7375123284;3993600;348020;758381;5949;254482;758381
7394573220;3993600;347791;757164;8582;254079;757164
7382674402;3993600;347809;756956;6629;254242;756956
7393323916;3993600;347849;756698;5704;254371;756698
7390181750;3993600;347603;756893;6316;253985;756893
7582669506;4096000;355644;774301;7300;259698;774301
7583084144;4096000;356162;775382;9087;260176;775382
7586059704;4096000;355807;776496;40022;257718;776496
7583493464;4096000;355975;774739;7933;260075;774739
7582091400;4096000;356141;774782;3556;260324;774782
7582325824;4096000;356215;774625;6944;260402;774625
7582225008;4096000;356094;774760;5748;260216;774760
7582228554;4096000;356012;774696;6062;260121;774696
7583548720;4096000;356301;775332;9389;260509;775332
7583075516;4096000;356133;775169;6546;260218;775169
7775347984;4198400;363994;793219;26686;264729;793219
7773064828;4198400;364389;792669;8257;266097;792669
7772440022;4198400;364307;792613;7845;265975;792613
7772097110;4198400;364041;792666;8245;265656;792666
7775074504;4198400;363869;792364;9193;265497;792364
7772233472;4198400;363827;792141;9044;265436;792141
7772338936;4198400;363998;792432;8842;265622;792432
7773553154;4198400;364101;791560;9707;265834;791560
7771280058;4198400;364015;791884;6632;265657;791884
7770877846;4198400;364420;800388;8583;266162;800388
7960850570;4300800;372496;818699;10945;271737;818699
7958647908;4300800;404635;888522;1501;303921;888522
7961450082;4300800;372082;810474;7714;271309;810474
7963042530;4300800;372740;811838;11486;272026;811838
7961471022;4300800;372568;811011;8703;271769;811011
7961424874;4300800;372549;810923;9851;271835;810923
7952160114;4300800;372700;811040;12704;272067;811040
7961476040;4300800;372358;811071;10464;271609;811071
7961401424;4300800;372625;810739;9412;271838;810739
7964065158;4300800;372843;811748;16108;272127;811748
8151212414;4403200;380627;828442;13132;277433;828442
8151501912;4403200;380493;828120;10262;277198;828120
8152583080;4403200;380978;829040;11917;277923;829040
8151346060;4403200;380571;828700;12381;277348;828700
8150118190;4403200;412240;897704;1756;309041;897704
8152167762;4403200;380824;830672;28661;277581;830672
8150676838;4403200;380766;829732;18215;277544;829732
8151299846;4403200;380798;829097;12649;277622;829097
8141303716;4403200;380706;829609;27502;277512;829609
8152893160;4403200;381431;830711;26609;278181;830711
8340635570;4505600;389318;847029;22445;283624;847029
8343941780;4505600;389622;859583;256712;279531;859583
8322958548;4505600;389205;846877;24909;283526;846877
8341731852;4505600;388891;847298;26701;283205;847298
8341976804;4505600;389114;847763;26762;283517;847763
8341251178;4505600;388437;851016;10373;282837;851016
8342016806;4505600;388975;847726;26178;283344;847726
8342369474;4505600;389070;848039;30468;283245;848039
8341546774;4505600;388916;847219;21934;283233;847219
8341531918;4505600;388912;847578;22613;283233;847578
8531323032;4608000;397125;865587;26562;288920;865587
8531691578;4608000;396925;865123;24899;288820;865123
8528721784;4608000;428345;933152;3068;320198;933152
8524101090;4608000;397446;871755;151197;282219;871755
8531090146;4608000;397127;864449;15637;289060;864449
8531233402;4608000;397067;864667;15396;289061;864667
8529397098;4608000;428599;933141;3846;320544;933141
8531087950;4608000;397512;864678;24877;289459;864678
8532636856;4608000;428363;932771;3309;320321;932771
8531424532;4608000;397398;864788;17770;289432;864788
8723901616;4710400;405022;882726;17048;294548;882726
8720043356;4710400;405078;882734;16560;294615;882734
8721896808;4710400;405086;881897;16555;294686;881897
8720392912;4710400;405031;882061;16295;294593;882061
8720729034;4710400;405168;882400;12509;294813;882400
8697009690;4710400;405169;894267;249952;289819;894267
8719215510;4710400;436629;951072;6337;326255;951072
8720866768;4710400;404887;883036;29876;294339;883036
8719356742;4710400;436640;950645;5015;326288;950645
8725357134;4710400;405195;882616;19549;294690;882616
8908890322;4812800;413319;907831;13546;300628;907831
8908588334;4812800;413159;907960;22269;300480;907960
8910837100;4812800;413010;907816;20333;300352;907816
8910231340;4812800;413969;908702;21123;301342;908702
8909733542;4812800;413290;907847;18920;300649;907847
8909960846;4812800;413125;907470;17211;300496;907470
8909193160;4812800;413153;907791;15884;300469;907791
8909418274;4812800;413214;907670;14990;300537;907670
8909041066;4812800;413422;908240;18858;300783;908240
8909772954;4812800;413814;908291;17828;301073;908291
9099828524;4915200;421289;924965;20501;306121;924965
9098743528;4915200;421125;925195;20789;305912;925195
9098963514;4915200;421372;925327;15246;306192;925327
9099488928;4915200;421413;925522;20556;306260;925522
9097976928;4915200;421264;925691;16013;306100;925691
9099497044;4915200;421477;926328;15864;306434;926328
9099794494;4915200;421123;925830;20345;306021;925830
9096619934;4915200;452440;995261;5787;337276;995261
9097865092;4915200;452555;995231;4948;337411;995231
9099476502;4915200;421353;925351;25324;306169;925351
9287596814;5017600;430195;943005;15719;312669;943005
9244115514;5017600;460454;1013189;4530;342835;1013189
9289347578;5017600;429754;944157;34428;312089;944157
9287731122;5017600;460675;1013548;10113;343044;1013548
9289134402;5017600;429643;943451;31795;312015;943451
9288348438;5017600;429467;942980;17974;311992;942980
9287986600;5017600;460714;1014139;8190;343129;1014139
9289281178;5017600;429312;943470;35903;311542;943470
9286780986;5017600;460877;1012872;5495;343175;1012872
9288447300;5017600;429377;942991;21226;311630;942991
9479555794;5120000;437763;960784;26652;317789;960784
9478374956;5120000;437650;960863;20039;317672;960863
9479023096;5120000;437570;953972;34860;317369;953972
9479118208;5120000;437465;953715;35080;317229;953715
9479812116;5120000;437589;954749;43444;317221;954749
9480226130;5120000;468935;1021280;11540;348953;1021280
9478538994;5120000;437467;951822;20807;317377;951822
9478076908;5120000;468693;1030904;7571;348700;1030904
9476728446;5120000;468715;1031130;9331;348838;1031130
9478611340;5120000;437782;961589;43129;317620;961589
9668789316;5222400;445873;979130;36917;323345;979130
9667840660;5222400;445796;979155;37186;323223;979155
9667487412;5222400;476696;1048987;10871;354292;1048987
9639668096;5222400;445574;978102;20974;323174;978102
9668689204;5222400;445858;978429;24176;323517;978429
9666440822;5222400;476783;1049134;15196;354348;1049134
9666391416;5222400;476763;1049127;11392;354382;1049127
9670554782;5222400;446311;971648;37896;323283;971648
9670355484;5222400;445624;972335;57381;322647;972335
9667246626;5222400;477260;1040663;37531;354195;1040663
9838768396;5324800;454416;1000389;289684;320196;1000389
9859552598;5324800;453889;987449;29912;328784;987449
9815406104;5324800;484622;1058835;47453;359109;1058835
9857497022;5324800;484682;1058170;37324;359227;1058170
9857918246;5324800;485410;1058178;34637;360022;1058178
9859681116;5324800;485004;1063642;13466;360087;1063642
9865022436;5324800;453537;994298;39177;328031;994298
9838120378;5324800;484800;1063417;8947;359809;1063417
9837866902;5324800;484624;1063566;11213;359591;1063566
9844787530;5324800;453826;987980;30592;328901;987980
10045982794;5427200;492866;1075700;33762;364963;1075700
10049043370;5427200;461975;1005167;29807;334519;1005167
10035929236;5427200;462364;1005592;28218;335096;1005592
10047901302;5427200;462038;1005657;36125;334644;1005657
10051979842;5427200;461799;1005931;38113;334394;1005931
10038863666;5427200;462038;1005533;34567;334520;1005533
10040443410;5427200;492840;1076341;40550;364821;1076341
10047823322;5427200;492867;1076279;39742;364806;1076279
10048535846;5427200;461972;1005447;31129;334565;1005447
10048846734;5427200;462008;1005825;35508;334557;1005825
10239015466;5529600;470390;1024853;38416;340303;1024853
10221757672;5529600;501058;1094927;51950;370464;1094927
10237686010;5529600;500931;1094201;40623;370495;1094201
10237008616;5529600;500973;1094453;51748;370583;1094453
10237157442;5529600;501568;1094579;40295;371211;1094579
10238332462;5529600;470101;1023154;30379;340240;1023154
10239053704;5529600;470397;1025759;38668;340427;1025759
10237024438;5529600;501570;1094513;47345;370963;1094513
10239490370;5529600;470119;1023662;34068;340197;1023662
10238599674;5529600;469987;1023464;35793;340078;1023464
10425876866;5632000;509006;1112317;46292;376187;1112317
10428635076;5632000;478088;1041684;42352;345728;1041684
10426731536;5632000;509037;1112350;45510;376139;1112350
10427454734;5632000;509085;1112317;51215;376172;1112317
10426767466;5632000;508922;1146408;14190;376584;1146408
10427581742;5632000;509180;1116681;15616;376880;1116681
10428907190;5632000;477791;1049884;78695;344175;1049884
10426030514;5632000;509107;1116380;13576;376917;1116380
10428026940;5632000;509141;1117135;16805;376791;1117135
10428543458;5632000;478901;1049699;60251;346236;1049699
10616632928;5734400;517304;1134700;19141;382576;1134700
10616386410;5734400;517381;1128982;53871;382133;1128982
10600439414;5734400;517811;1130084;49079;382543;1130084
10594767562;5734400;517148;1130462;57922;381518;1130462
10615551590;5734400;517118;1130767;59168;381597;1130767
10615963378;5734400;517253;1129382;44874;382145;1129382
10617264440;5734400;486423;1059079;38430;351643;1059079
10615890030;5734400;517266;1130523;52782;382000;1130523
10615458044;5734400;517114;1131411;67328;381573;1131411
10617060458;5734400;517143;1130870;65218;381778;1130870
10768540248;5836800;494448;1092507;358963;354117;1092507
10800394908;5836800;525280;1148733;61872;387468;1148733
10807578382;5836800;495374;1077797;53980;357899;1077797
10804309822;5836800;525522;1147355;50664;387887;1147355
10794960590;5836800;525885;1149387;63688;388131;1149387
10805854848;5836800;525325;1148981;68852;387421;1148981
10807601762;5836800;525404;1152043;20396;388407;1152043
10806776932;5836800;525363;1151813;24667;388190;1151813
10806194250;5836800;525212;1185785;96300;386429;1185785
10808056068;5836800;525352;1152291;18825;388193;1152291
11000178876;5939200;502486;1100828;43022;362855;1100828
10996661322;5939200;533464;1171165;26865;394002;1171165
10996130706;5939200;533236;1170662;32162;393601;1170662
10995853990;5939200;533355;1170365;22453;393921;1170365
10997507936;5939200;502534;1103701;73186;362273;1103701
11000853744;5939200;502350;1104363;85692;361688;1104363
10996772578;5939200;533501;1170884;31584;393733;1170884
10996445922;5939200;534264;1171122;28157;394631;1171122
10996488762;5939200;533591;1170457;23326;393974;1170457
10997134680;5939200;533511;1171973;36721;393861;1171973
11144937392;6041600;541431;1188107;22880;399299;1188107
11139126702;6041600;541422;1188573;29267;399405;1188573
11190359682;6041600;510893;1121788;78256;368356;1121788
11185845848;6041600;541658;1188363;28530;399547;1188363
11185428900;6041600;542141;1188144;27136;400095;1188144
11185573946;6041600;541589;1187744;20957;399752;1187744
11186001830;6041600;541513;1189364;43134;399081;1189364
11185840130;6041600;541632;1188354;26766;399613;1188354
11181315040;6041600;541545;1206327;376503;398459;1206327
11185951724;6041600;542461;1188434;27254;400518;1188434
11377273748;6144000;550312;1207575;39658;405610;1207575
11377420860;6144000;549377;1206682;30107;405164;1206682
11374531314;6144000;549729;1206437;29336;405202;1206437
11375559256;6144000;549628;1202529;72523;404398;1202529
11374699740;6144000;549616;1203000;80698;404315;1203000
11374618608;6144000;549679;1203953;87065;404352;1203953
11374873422;6144000;549382;1202602;83731;404048;1202602
11364370726;6144000;519797;1148192;420969;373631;1148192
11373491394;6144000;549607;1202091;66010;404533;1202091
11374300946;6144000;549595;1202584;78803;404260;1202584
11564212880;6246400;557773;1219828;70180;410255;1219828
11563696970;6246400;557842;1221976;80557;410158;1221976
11564565326;6246400;557919;1220541;85500;410338;1220541
11564021998;6246400;557672;1219956;84737;409944;1219956
11536218396;6246400;558632;1221616;94758;410712;1221616
11564340250;6246400;557941;1220598;89833;410085;1220598
11565621286;6246400;557925;1221391;102779;410023;1221391
11564368536;6246400;557778;1220132;76616;410128;1220132
11563525644;6246400;557829;1220803;83559;410051;1220803
11565135700;6246400;557800;1221064;89555;409842;1221064
11752979004;6348800;565928;1238268;79798;415343;1238268
11757918892;6348800;566226;1250856;308126;413001;1250856
11750994526;6348800;566494;1235694;43297;417097;1235694
11754068026;6348800;565784;1239194;85290;415521;1239194
11753614744;6348800;565922;1238063;78343;415847;1238063
11754816496;6348800;565995;1238727;88903;415538;1238727
11753264206;6348800;566398;1235027;32572;417262;1235027
11754326940;6348800;566208;1236167;55019;416648;1236167
11753802800;6348800;565960;1235663;52621;416229;1235663
11752620922;6348800;566198;1235367;40391;416855;1235367
11943742408;6451200;574396;1253702;51349;422592;1253702
11944219534;6451200;574617;1253276;44899;422831;1253276
11944725902;6451200;574385;1252438;39885;422719;1252438
11943095154;6451200;607028;1339933;401663;447564;1339933
11944619378;6451200;574497;1259212;129293;421002;1259212
11943273054;6451200;574446;1258636;120885;420970;1258636
11943545502;6451200;574432;1259077;127974;420977;1259077
11919806212;6451200;574567;1260887;158635;420482;1260887
11943026748;6451200;574377;1259454;130885;420917;1259454
11942875988;6451200;574470;1259495;129813;421126;1259495
12133901126;6553600;582714;1279349;169650;426738;1279349
12133045010;6553600;583457;1276973;129872;427648;1276973
12066797484;6553600;582649;1276990;137790;426553;1276990
12133226014;6553600;582787;1278145;144887;426945;1278145
12133124554;6553600;582466;1277667;143020;426338;1277667
12134265688;6553600;582195;1278426;54402;427675;1278426
12133136424;6553600;582483;1271898;61114;427866;1271898
12135124100;6553600;582806;1279500;173320;426545;1279500
12133236312;6553600;582558;1276880;143196;426497;1276880
12133271288;6553600;582621;1277565;138764;426926;1277565
12328334008;6656000;590757;1311230;501564;428093;1311230
12323308676;6656000;590787;1296939;162428;432081;1296939
12323210516;6656000;590694;1295863;156963;432265;1295863
12321559942;6656000;622978;1359226;55791;465667;1359226
12326354246;6656000;591660;1289507;55959;434987;1289507
12322212156;6656000;590815;1290426;60292;434002;1290426
12322205168;6656000;590710;1288900;49869;433933;1288900
12323283880;6656000;590836;1289367;54607;434129;1289367
12321189836;6656000;591111;1294034;133820;429467;1294034
12325084410;6656000;590847;1290710;73095;433976;1290710
12511952846;6758400;598923;1307438;58852;439612;1307438
12513656958;6758400;598885;1307275;64019;439637;1307275
12512398304;6758400;630163;1377642;70432;470572;1377642
12522060960;6758400;630279;1392446;390318;461398;1392446
12513119704;6758400;598763;1307603;63301;439916;1307603
12512671202;6758400;630266;1377660;69632;470604;1377660
12514096072;6758400;598950;1308496;87608;439258;1308496
12513713958;6758400;599501;1308733;86296;440004;1308733
12512412262;6758400;598828;1308086;78939;439512;1308086
12512039780;6758400;598721;1307006;55917;439558;1307006
12703277904;6860800;606946;1324105;61588;445282;1324105
12700552098;6860800;638013;1394662;67310;475545;1394662
12699023336;6860800;639226;1394236;62097;477202;1394236
12699196948;6860800;638259;1396197;84239;475648;1396197
12701526414;6860800;607011;1326106;70574;445465;1326106
12701917388;6860800;606824;1325038;69204;444969;1325038
12700106984;6860800;638120;1395741;76681;475850;1395741
12700318812;6860800;638259;1394709;68053;476200;1394709
12702293772;6860800;606881;1325794;76224;445258;1325794
12704962696;6860800;607055;1326252;67167;445512;1326252
12889599804;6963200;646343;1412837;68372;481772;1412837
12891832944;6963200;615220;1352201;199599;449066;1352201
12891395730;6963200;615192;1349008;169983;449320;1349008
12890195706;6963200;646370;1412858;71453;481472;1412858
12891803340;6963200;615204;1344256;83005;450923;1344256
12890228844;6963200;646466;1414801;91585;481719;1414801
12890589834;6963200;646469;1413819;74213;481793;1413819
12890271952;6963200;646442;1413280;72504;481913;1413280
12889403064;6963200;646361;1414425;83312;481503;1414425
12890122332;6963200;646272;1413897;76250;481682;1413897
13080773076;7065600;623333;1360792;74267;456761;1360792
13082525318;7065600;623666;1362017;94956;456986;1362017
13079753562;7065600;654565;1431065;83414;487583;1431065
13079697494;7065600;623133;1360679;68650;456654;1360679
13080866470;7065600;654352;1432718;105322;486728;1432718
13081848524;7065600;623283;1368200;188878;454881;1368200
13081163528;7065600;623227;1367454;171026;454871;1367454
13080019298;7065600;654696;1431555;82615;487700;1431555
13037915072;7065600;654515;1434733;150578;483627;1434733
13080521232;7065600;654600;1432087;94592;487257;1432087
13241521946;7168000;631229;1378481;73144;462061;1378481
13239478804;7168000;631414;1379098;80195;462407;1379098
13270791506;7168000;662530;1450182;97550;492761;1450182
13273717008;7168000;631522;1398101;411625;458244;1398101
13269295536;7168000;662604;1448800;86325;492835;1448800
13270365654;7168000;631312;1380184;90428;462027;1380184
13272231942;7168000;631300;1397201;473320;455970;1397201
13270244468;7168000;631202;1378160;84096;461788;1378160
13269095862;7168000;662347;1448846;85647;492571;1448846
13271092322;7168000;631443;1387989;189417;460313;1387989
13459164488;7270400;640486;1396140;83614;468947;1396140
13461698458;7270400;670694;1467852;94624;498597;1467852
13460392020;7270400;639554;1398830;115809;467397;1398830
13459468984;7270400;670440;1467363;97770;498441;1467363
13462623720;7270400;640482;1405825;215948;466635;1405825
13459557998;7270400;670452;1467129;94075;498293;1467129
13458624908;7270400;670528;1467455;92388;498398;1467455
13458420188;7270400;670738;1466898;89954;498840;1466898
13460682900;7270400;670635;1466846;86471;498687;1466846
13461681948;7270400;640377;1403218;181584;467017;1403218
13624838236;7372800;647690;1422083;202991;471553;1422083
13638315748;7372800;678847;1493733;276903;494061;1493733
13648740016;7372800;678793;1485816;110774;504263;1485816
13649816580;7372800;678792;1484463;91858;504113;1484463
13652001488;7372800;647769;1414460;91299;473571;1414460
13649333896;7372800;678595;1484932;101714;503652;1484932
13649264746;7372800;678876;1486855;126783;503593;1486855
13652822254;7372800;647909;1415319;104583;473555;1415319
13647954352;7372800;678620;1484946;96620;504133;1484946
13652724112;7372800;647771;1423310;223512;471529;1423310
13839869302;7475200;655670;1440289;218680;477188;1440289
13839451720;7475200;655802;1440098;212832;477397;1440098
13839915224;7475200;655640;1433054;112230;478680;1433054
13838392340;7475200;656757;1431359;81344;480556;1431359
13836837466;7475200;687609;1502179;101815;510476;1502179
13839187514;7475200;655411;1431169;85819;479062;1431169
13809601368;7475200;654691;1451748;494107;465543;1451748
13839019406;7475200;656131;1439802;181910;478242;1439802
13836851612;7475200;686744;1501885;92085;509684;1501885
13840951658;7475200;655016;1452603;246438;476288;1452603
14027245550;7577600;692664;1531496;106938;514033;1531496
14029998892;7577600;663659;1461967;137823;484102;1461967
14029127762;7577600;663728;1460844;118951;484249;1460844
14026741218;7577600;695755;1531174;96301;516448;1531174
14028863722;7577600;694867;1533827;143292;514617;1533827
14030033688;7577600;663656;1460008;104566;484803;1460008
14028445246;7577600;693885;1531839;114405;515202;1531839
14029099202;7577600;663791;1468239;200780;483005;1468239
14028187314;7577600;694847;1533033;135968;514395;1533033
14029683930;7577600;693918;1533680;142921;514679;1533680
14217997100;7680000;702835;1548891;96963;521025;1548891
14157324548;7680000;671635;1478108;106933;490123;1478108
14217984940;7680000;672634;1479071;115425;491362;1479071
14215814180;7680000;701698;1548039;98147;520749;1548039
14218623580;7680000;671760;1486488;207290;488630;1486488
14205573556;7680000;702844;1550674;126362;520232;1550674
14218730628;7680000;671903;1478053;118547;490506;1478053
14217016438;7680000;671892;1478031;105472;490584;1478031
14139780376;7680000;702708;1570390;564979;518158;1570390
14218047084;7680000;672604;1485510;204771;489672;1485510
14407093284;7782400;710927;1567661;125121;526231;1567661
14408944860;7782400;679962;1495224;109023;496252;1495224
14406547458;7782400;709501;1568579;123150;525657;1568579
14406776496;7782400;680179;1486227;112454;496543;1486227
14405229020;7782400;711087;1557158;128314;526355;1557158
14345686852;7782400;710833;1579800;612198;520713;1579800
14407997724;7782400;680293;1487127;123404;496386;1487127
14340641338;7782400;679153;1487918;120386;496297;1487918
14405033578;7782400;710981;1557734;122300;526875;1557734
14405899388;7782400;712031;1556112;106535;527834;1556112
14535020644;7884800;719154;1575087;114831;532310;1575087
14597917912;7884800;719184;1574800;115563;532585;1574800
14571576394;7884800;719189;1596085;583631;525932;1596085
14596276204;7884800;719370;1574977;124609;532370;1574977
14596871926;7884800;688267;1505454;125226;501904;1505454
14598131242;7884800;688948;1505894;131371;502407;1505894
14599474284;7884800;718135;1579638;219212;527496;1579638
14576580118;7884800;719297;1574606;125070;533214;1574606
14597044750;7884800;719101;1575544;138076;531914;1575544
14541518686;7884800;718897;1594650;553685;525174;1594650
14785833086;7987200;727233;1593979;153156;538448;1593979
14785230762;7987200;727495;1594033;135807;538057;1594033
14785404756;7987200;727391;1593623;137943;537746;1593623
14785333462;7987200;727223;1593008;121828;538004;1593008
14785345774;7987200;727182;1593564;145825;537866;1593564
14786332136;7987200;727357;1601089;86441;539102;1601089
14721168074;7987200;725863;1623478;609432;532831;1623478
14785130228;7987200;727151;1593439;134119;537583;1593439
14786873588;7987200;696547;1524936;162535;507233;1524936
14787393300;7987200;695741;1539183;188945;506139;1539183
14976683872;8089600;734115;1619908;111450;543114;1619908
14976839060;8089600;734649;1621807;127601;543702;1621807
14977841872;8089600;702860;1555630;199541;510973;1555630
14938315394;8089600;735390;1611445;144551;543441;1611445
14974178492;8089600;735404;1610771;128630;543720;1610771
14974972196;8089600;733980;1611968;165314;542976;1611968
14974073358;8089600;736233;1612811;165970;544104;1612811
14975408878;8089600;735581;1610664;140610;543451;1610664
14974839154;8089600;735369;1612974;165271;542886;1612974
14973914924;8089600;735491;1610228;118109;543831;1610228
15164440540;8192000;743417;1629940;164728;548747;1629940
15163532410;8192000;743573;1630641;157630;549104;1630641
15097649034;8192000;743292;1634538;232719;547216;1634538
15092116724;8192000;743119;1630767;176643;547319;1630767
15163550860;8192000;743613;1630152;158692;548942;1630152
15164485186;8192000;743769;1632204;193213;548446;1632204
15164550588;8192000;743475;1630622;169967;548750;1630622
15138642856;8192000;743378;1631633;188339;548379;1631633
15164274194;8192000;743678;1629198;137512;550486;1629198
15168677188;8192000;712908;1569139;324686;517104;1569139
15363430678;8294400;751862;1652466;260444;548689;1652466
15352947900;8294400;751539;1648146;165179;554708;1648146
15354901230;8294400;751704;1650018;197561;553904;1650018
15313050282;8294400;751407;1666859;601379;543355;1666859
15354053956;8294400;751817;1649474;181851;554669;1649474
15352986630;8294400;751788;1647727;154697;554529;1647727
15353256736;8294400;751770;1646600;140456;554798;1646600
15354221524;8294400;751566;1647302;156634;554215;1647302
15353829186;8294400;751580;1648133;170130;554229;1648133
15353665622;8294400;751512;1649568;176970;554117;1649568
15542602822;8396800;760102;1667457;184522;560412;1667457
15543251800;8396800;759819;1667068;180825;559560;1667068
15543315484;8396800;759561;1666556;172711;559814;1666556
15542376930;8396800;759813;1667180;179604;559943;1667180
15542733084;8396800;759958;1667899;192083;560022;1667899
15543356074;8396800;759772;1668596;213884;559525;1668596
15545999418;8396800;759860;1670339;259415;555408;1670339
15543401410;8396800;759677;1666607;188157;559821;1666607
15543081624;8396800;759465;1677085;172507;559888;1677085
15543966638;8396800;759711;1676757;171328;559796;1676757
15733612056;8499200;767803;1694507;165845;565909;1694507
15733689410;8499200;767714;1695412;180190;565558;1695412
15733454876;8499200;767933;1689258;264523;563644;1689258
15733147196;8499200;768681;1685884;210115;565228;1685884
15733556148;8499200;768315;1687343;199857;565626;1687343
15732044740;8499200;767690;1683650;164271;565370;1683650
15733324184;8499200;767713;1683753;177608;565262;1683753
15732781954;8499200;767880;1684280;181357;565510;1684280
15732274228;8499200;768175;1685836;210072;565177;1685836
15734986364;8499200;767918;1684555;176932;565044;1684555
15920464386;8601600;808821;1767293;128950;604657;1767293
15922478212;8601600;776046;1702142;191512;570798;1702142
15922360090;8601600;775943;1701919;197182;570955;1701919
15919840526;8601600;776300;1711491;391272;563935;1711491
15922039284;8601600;776606;1703627;164575;572175;1703627
15921836896;8601600;776028;1700678;169030;571557;1700678
15922511110;8601600;776334;1702649;190275;571537;1702649
15920216824;8601600;807644;1765284;110838;603815;1765284
15922477504;8601600;775970;1700987;168305;571586;1700987
15922204704;8601600;776263;1703330;202630;571204;1703330
16111767410;8704000;784456;1721007;220400;576402;1721007
16111161672;8704000;784411;1719924;173163;577670;1719924
16105669486;8704000;784313;1735722;554972;562956;1735722
16112528978;8704000;784279;1721472;196152;577270;1721472
16111894630;8704000;784361;1719922;199502;576795;1719922
16112103792;8704000;784419;1720492;203940;577464;1720492
16111935166;8704000;784389;1721664;223108;576335;1721664
16113259204;8704000;785247;1721585;222979;576996;1721585
16110752690;8704000;784428;1720208;190305;576908;1720208
16112389406;8704000;784445;1721406;209044;576503;1721406
16298967234;8806400;823750;1802289;120407;614604;1802289
16299682334;8806400;823823;1802060;111538;615137;1802060
16299535930;8806400;823775;1801709;120102;614746;1801709
16302013834;8806400;792614;1737287;189160;583137;1737287
16301467388;8806400;792326;1738571;210599;582219;1738571
16301249964;8806400;792732;1739197;199227;583235;1739197
16301943288;8806400;792883;1741131;228806;582875;1741131
16302359384;8806400;792450;1738725;229426;582441;1738725
16303454360;8806400;792257;1739082;213604;582340;1739082
16301490520;8806400;792339;1738046;190550;582781;1738046
16490794042;8908800;800589;1756808;219474;587940;1756808
16432070888;8908800;800534;1779168;720164;582805;1779168
16491592706;8908800;800566;1756014;202490;588450;1756014
16493118728;8908800;802020;1757721;236151;587768;1757721
16490577960;8908800;832307;1823038;146812;620313;1823038
16494912410;8908800;800785;1760777;292623;586921;1760777
16429846298;8908800;800390;1760210;274670;587136;1760210
16494253212;8908800;832002;1838637;550227;605014;1838637
16493026556;8908800;800895;1761381;287658;587735;1761381
16492307688;8908800;800579;1758832;262689;587895;1758832
16682305992;9011200;808726;1776520;256941;593697;1776520
16681143774;9011200;839866;1840226;160814;625512;1840226
16681058952;9011200;841213;1843778;214412;625930;1843778
16683753496;9011200;808928;1780766;334165;588044;1780766
16680740644;9011200;839978;1840161;166237;625964;1840161
16672042418;9011200;808912;1779301;285565;592669;1779301
16685885016;9011200;809096;1779592;279912;593675;1779592
16681746656;9011200;808605;1778259;269381;592807;1778259
16682425116;9011200;810105;1776984;266234;594136;1776984
16682477596;9011200;841178;1849066;296523;622434;1849066
16821369866;9113600;847413;1911303;302681;628479;1911303
16873883578;9113600;816139;1805944;246297;599320;1805944
16871539932;9113600;846948;1872897;191225;630760;1872897
16875686912;9113600;817206;1807232;270751;600319;1807232
16873860534;9113600;816027;1808316;289152;598141;1808316
16874114858;9113600;815985;1806734;258525;598951;1806734
16873255102;9113600;847404;1872737;189166;630261;1872737
16872940240;9113600;816131;1803764;225607;599303;1803764
16872896606;9113600;816129;1803934;228215;599254;1803934
16873344812;9113600;816126;1804897;233694;598896;1804897
17060214494;9216000;825024;1811394;251788;605321;1811394
17061245656;9216000;824945;1811651;244869;605408;1811651
17062892492;9216000;825102;1813150;280556;604468;1813150
17061246274;9216000;824858;1811426;246862;605092;1811426
17062507132;9216000;825658;1861867;240553;605931;1861867
17066092184;9216000;824428;1834785;497134;597190;1834785
17060284910;9216000;855237;1890354;190906;635814;1890354
17059575008;9216000;855252;1889295;174791;636670;1889295
17062482838;9216000;824474;1825093;283187;604016;1825093
17061980186;9216000;823849;1824258;253050;604832;1824258
17248969696;9318400;863243;1908079;192351;642245;1908079
17250970808;9318400;832870;1840643;240147;610955;1840643
17251260000;9318400;832197;1841578;261542;609845;1841578
17248926688;9318400;833549;1829284;249623;611336;1829284
17250343180;9318400;864426;1896178;222228;642754;1896178
17248330638;9318400;864336;1897081;171426;643014;1897081
17249012488;9318400;864466;1894890;190233;642982;1894890
17249368502;9318400;833257;1830083;254751;611243;1830083
17250354710;9318400;833251;1831026;286367;610191;1831026
17248696918;9318400;833176;1829364;245836;611035;1829364
17439662490;9420800;872566;1916575;262056;646755;1916575
17438106330;9420800;841379;1861711;371812;615016;1861711
17440388678;9420800;840238;1859378;259247;616088;1859378
17440812244;9420800;840492;1859676;269603;615693;1859676
17439591826;9420800;871375;1928943;249003;647160;1928943
17443970930;9420800;840485;1868824;469670;604664;1868824
17337992522;9420800;872285;1912718;199558;648303;1912718
17439560078;9420800;841336;1850525;313451;615689;1850525
17439232450;9420800;841784;1851887;300030;616749;1851887
17437003422;9420800;872519;1913755;213532;648041;1913755
17628294704;9523200;880608;1933925;270687;653880;1933925
17630866976;9523200;880589;1953601;659111;638809;1953601
17627194654;9523200;880481;1931257;212434;654006;1931257
17612685250;9523200;849510;1869183;349936;618510;1869183
17671056986;9523200;849937;1902279;1184985;606397;1902279
17713451374;9523200;850669;1903527;1118277;609756;1903527
17680790054;9523200;849513;1920063;931847;609289;1920063
17647176652;9523200;849778;1926332;721103;614087;1926332
17630117996;9523200;881324;1988416;213134;654051;1988416
17864361802;9523200;885141;1978821;1217527;643419;1978821
18013624658;9625600;890009;1992433;1252180;644028;1992433
17822171326;9625600;857932;1907875;852986;623684;1907875
17818727944;9625600;857765;1882661;254133;628482;1882661
17819592024;9625600;888340;1953921;302859;657159;1953921
17816893766;9625600;888273;1952657;268545;657994;1952657
17817783600;9625600;857304;1881915;257100;627620;1881915
17819211170;9625600;857359;1882085;254866;627891;1882085
17819579440;9625600;857476;1884768;313523;626203;1884768
17820083802;9625600;858821;1885899;301066;628411;1885899
17820455120;9625600;857436;1884300;299759;627051;1884300
17935353578;9728000;866972;1902341;305645;634206;1902341
18009251196;9728000;865797;1903594;334868;632166;1903594
18015119816;9728000;865875;1904319;342958;632656;1904319
18008445018;9728000;865698;1901599;293337;633512;1901599
18012789822;9728000;865775;1923517;809902;620717;1923517
18007457934;9728000;896519;1973023;305405;663468;1973023
18010240108;9728000;865919;1910510;395494;631594;1910510
18008558204;9728000;896599;1972767;306958;663410;1972767
18006837478;9728000;896777;1972913;307914;663707;1972913
17979034026;9728000;896618;1971926;282913;663504;1971926
18146384144;9830400;904463;1990310;307846;668560;1990310
18200237644;9830400;874142;1928216;423249;637086;1928216
18197598192;9830400;904839;1990813;321819;668982;1990813
18198987660;9830400;904751;1992529;338923;668772;1992529
18198724086;9830400;905990;1992942;334665;669648;1992942
18202935346;9830400;873715;1925605;438834;629633;1925605
18178690106;9830400;904607;1990247;302126;669209;1990247
18196849748;9830400;904846;1992867;345113;668880;1992867
18188397892;9830400;904666;1998635;480274;662333;1998635
18196095006;9830400;904719;1990665;311981;669126;1990665
18357998110;9932800;882113;1938603;300344;644479;1938603
18394429698;9932800;913205;2035006;911357;670568;2035006
18333242056;9932800;912404;2007186;306781;674127;2007186
18385894280;9932800;912683;2008199;306146;674858;2008199
18354492966;9932800;883328;1947379;427398;643845;1947379
18385921084;9932800;912764;2008541;319830;674342;2008541
18370956716;9932800;912826;2009462;344760;674562;2009462
18386286352;9932800;912709;2009035;334862;674358;2009035
18385086732;9932800;912745;2007687;310630;674799;2007687
18386825490;9932800;912874;2009924;329836;674243;2009924
18577950622;10035200;921043;2030620;404750;679091;2030620
18577380384;10035200;920872;2027880;349237;679910;2027880
18504626308;10035200;920694;2050706;894095;670775;2050706
18577840176;10035200;920812;2027088;339917;679847;2027088
18504182778;10035200;889919;1954439;298147;650423;1954439
18578669578;10035200;890196;1969494;323722;649796;1969494
18578234672;10035200;920958;2042613;355625;679472;2042613
18578714598;10035200;920870;2043311;388828;678824;2043311
18578672194;10035200;920796;2045041;403037;678729;2045041
18579536126;10035200;920818;2044766;398851;679107;2044766
18749606334;10137600;929156;2047336;374373;685628;2047336
18772289816;10137600;929191;2048672;407164;683850;2048672
18765746228;10137600;929140;2046100;354699;685808;2046100
18766272340;10137600;929027;2068774;909857;678433;2068774
18768764344;10137600;898431;1976045;347282;655656;1976045
18765890018;10137600;928977;2046796;362379;685632;2046796
18764452982;10137600;929113;2045002;343224;685914;2045002
18767300786;10137600;928887;2046532;376859;684750;2046532
18765772104;10137600;928716;2045325;354574;685466;2045325
18717205308;10137600;929234;2048106;397937;684869;2048106
18956614510;10240000;937493;2081110;415335;690681;2081110
18956637894;10240000;938650;2081713;431835;691249;2081713
18956897958;10240000;937866;2080557;397666;691069;2080557
18955471230;10240000;937663;2077546;363421;691164;2077546
18959033952;10240000;939028;2086710;570970;680494;2086710
18957786790;10240000;937165;2089053;634915;679669;2089053
18957246218;10240000;937130;2081621;425705;690087;2081621
18951062490;10240000;936870;2080688;414060;689990;2080688
18958471364;10240000;935454;2083524;465306;687950;2083524
18959219304;10240000;937548;2089586;659806;677827;2089586
19146657710;10342400;946739;2096551;384543;697518;2096551
19146315934;10342400;945618;2097693;390001;696597;2097693
19144828020;10342400;945471;2097943;513579;694643;2097943
19145662764;10342400;945293;2139356;422744;696215;2139356
19089902552;10342400;945066;2138790;386598;695296;2138790
19147198458;10342400;944165;2138545;402914;695878;2138545
19139004990;10342400;945382;2138977;383269;696237;2138977
19057451882;10342400;944974;2139293;439492;695270;2139293
19148189340;10342400;945180;2138579;435220;695214;2138579
19146542166;10342400;945382;2138627;359350;696804;2138627
19337351310;10444800;953647;2163772;897792;698457;2163772
19335823720;10444800;953659;2113330;434924;702372;2113330
19335296038;10444800;953523;2156196;349364;702735;2156196
19336345926;10444800;953560;2156461;363730;702564;2156461
19337000532;10444800;953473;2157633;438394;699126;2157633
19340912694;10444800;953668;2160564;691651;687380;2160564
19337225126;10444800;953124;2156432;406518;701639;2156432
19334980530;10444800;954267;2147596;338051;704238;2147596
19335901360;10444800;953459;2156565;392334;701760;2156565
19337754758;10444800;952638;2155735;371938;702501;2155735
19526167474;10547200;961637;2174954;378358;707594;2174954
19527055734;10547200;962760;2174597;410806;709002;2174597
19524710184;10547200;962971;2175586;367052;709774;2175586
19524778176;10547200;961736;2174482;396077;707839;2174482
19526684950;10547200;961777;2175351;389087;707874;2175351
19530648722;10547200;961742;2174472;368936;708037;2174472
19483477844;10547200;961403;2175005;400406;706877;2175005
19526414202;10547200;962167;2166195;403750;709113;2166195
19526753346;10547200;961303;2175056;407755;707283;2175056
19525745046;10547200;961769;2174453;388115;707849;2174453
19603895674;10649600;969418;2193546;417789;712954;2193546
19716835086;10649600;1000779;2272995;951323;737307;2272995
19714197560;10649600;969740;2193746;457595;712729;2193746
19722525258;10649600;970060;2195540;565726;710557;2195540
19735018114;10649600;969704;2201078;960664;708294;2201078
19717661534;10649600;971528;2203743;490791;713744;2203743
19718832026;10649600;969805;2199734;869701;697936;2199734
19716308522;10649600;969734;2194220;479573;712459;2194220
19715132498;10649600;969586;2194985;426539;712748;2194985
19716860886;10649600;968276;2194679;467664;711874;2194679
19906332226;10752000;978006;2212715;479325;717251;2212715
19910179200;10752000;977856;2215545;677025;705103;2215545
19858798226;10752000;977979;2213440;492951;717680;2213440
19886794688;10752000;977525;2213474;480978;717952;2213474
19904772330;10752000;977779;2212478;436025;718366;2212478
19905797228;10752000;978028;2212907;479191;717883;2212907
19904793438;10752000;1009446;2282417;351560;750998;2282417
19904789356;10752000;1009562;2283310;343658;750968;2283310
19905375576;10752000;978175;2213175;451588;718370;2213175
19906002026;10752000;978224;2213067;482421;718865;2213067
20095407458;10854400;985832;2231431;482637;723885;2231431
20097080986;10854400;985776;2230638;493555;722963;2230638
20095096638;10854400;986343;2231675;491136;723755;2231675
20094885906;10854400;986080;2230955;460777;723724;2230955
20082138476;10854400;986593;2221765;432165;725699;2221765
20094278158;10854400;986759;2220775;427381;725982;2220775
20093634666;10854400;987098;2220726;399212;726830;2220726
20093167990;10854400;1019113;2294192;462186;757495;2294192
20093298124;10854400;986599;2220891;406316;726300;2220891
20171951040;10854400;1018666;2310131;1281338;742337;2310131
20361363406;10956800;994497;2251191;1090653;717004;2251191
20315696448;10956800;996131;2233863;1239099;718920;2233863
20329503112;10956800;994586;2260195;1222482;716399;2260195
20284810742;10956800;994621;2251722;623192;729536;2251722
20290981002;10956800;994719;2252819;717959;722210;2252819
20434524990;10956800;995128;2255647;1196046;715627;2255647
20284810366;10956800;1025802;2284349;657175;757596;2284349
20272143166;10956800;1025846;2319378;336244;762833;2319378
20285959974;10956800;994990;2249732;439920;730019;2249732
20284315982;10956800;994497;2249221;456754;730319;2249221
20474596728;11059200;1003191;2269928;468969;736393;2269928
20472118398;11059200;1033959;2338352;363538;767985;2338352
20471813872;11059200;1034043;2339244;379791;768253;2339244
20472539760;11059200;1002555;2267561;439774;736047;2267561
20392109998;11059200;1002300;2267577;487146;734764;2267577
20389787730;11059200;1002901;2269580;513891;734888;2269580
20382286534;11059200;1002318;2266461;423880;736007;2266461
20395943002;11059200;1033970;2338449;387963;767389;2338449
20472552940;11059200;1034260;2339846;406430;768050;2339846
20473031988;11059200;1002664;2266837;422607;736463;2266837
20698899900;11161600;1042172;2366210;1028143;757061;2366210
20671526380;11161600;1010966;2290606;777615;735982;2290606
20673393230;11161600;1009614;2297352;1268786;726560;2297352
21129178562;11161600;1015892;2277817;1441903;734208;2277817
20677599686;11161600;1011305;2275828;1456041;726302;2275828
20670380654;11161600;1010722;2266744;1142164;726957;2266744
20671218814;11161600;1011113;2267195;1157348;727307;2267195
20673557466;11161600;1010772;2256183;1154813;726118;2256183
20673707940;11161600;1010947;2289751;1148697;726893;2289751
20671405272;11161600;1011173;2291297;1162144;727054;2291297
20863600354;11264000;1050333;2383239;1213071;763253;2383239
20858061636;11264000;1050197;2380641;1156677;763407;2380641
20843123568;11264000;1018930;2307756;1217975;732346;2307756
20852590618;11264000;1050333;2380983;1196224;763426;2380983
20861980362;11264000;1050118;2381566;1247970;763289;2381566
20861966674;11264000;1050206;2382817;1274880;762850;2382817
20856055276;11264000;1019117;2309491;1280371;732426;2309491
20864106296;11264000;1050302;2382114;1323785;763229;2382114
20861724292;11264000;1050155;2382309;1335445;763206;2382309
20865479618;11264000;1019375;2312572;1347812;732701;2312572
21050177490;11366400;1027111;2325354;1155393;737817;2325354
21056002908;11366400;1029057;2332243;1193638;738680;2332243
21054434368;11366400;1027520;2332033;1213593;737277;2332033
21052041324;11366400;1058153;2406007;1263990;767045;2406007
21054225732;11366400;1027044;2334388;1327369;736463;2334388
21055046156;11366400;1027365;2335294;1364584;736854;2335294
21055489582;11366400;1027150;2332167;1207829;735737;2332167
21050692544;11366400;1058300;2405325;1181173;767892;2405325
21035223218;11366400;1027066;2332049;1233534;736415;2332049
21056417490;11366400;1027409;2334941;1301935;736142;2334941
21245768034;11468800;1035282;2352926;1338866;741978;2352926
21247392464;11468800;1066410;2427252;1412334;772822;2427252
21242649180;11468800;1035490;2350792;1209309;742507;2350792
21240494454;11468800;1066210;2424669;1268287;772975;2424669
21239916118;11468800;1066197;2425943;1341924;772803;2425943
21226371294;11468800;1035591;2354309;1350854;742995;2354309
21242491840;11468800;1066336;2422950;1208018;773212;2422950
21241581930;11468800;1037030;2351357;1246790;744034;2351357
21222343932;11468800;1066385;2425355;1319291;773235;2425355
21241964092;11468800;1066413;2427253;1356026;773147;2427253
21427939892;11571200;1043498;2340552;1218480;749060;2340552
21417831918;11571200;1074474;2436046;1224772;780036;2436046
21428278372;11571200;1042838;2364589;1344441;748899;2364589
21432455018;11571200;1074634;2437103;1393750;779978;2437103
21429978160;11571200;1042154;2363117;1223987;748346;2363117
21424375812;11571200;1074609;2436897;1335889;779936;2436897
21425773226;11571200;1074317;2444811;1395519;778642;2444811
21421440058;11571200;1043712;2369256;1220481;748344;2369256
21429157130;11571200;1074375;2441866;1273049;778810;2441866
21432140100;11571200;1043431;2371529;1371232;747795;2371529
21626290138;11673600;1082435;2460103;1242938;782995;2460103
21611791166;11673600;1082597;2461949;1308012;784318;2461949
21608673174;11673600;1082409;2464107;1439601;783988;2464107
21632765642;11673600;1051455;2390577;1464112;752586;2390577
21622678198;11673600;1053328;2391568;1361686;754984;2391568
21628053480;11673600;1051799;2386841;1221615;753806;2386841
21615280008;11673600;1082615;2462499;1301091;784133;2462499
21619419458;11673600;1083984;2452516;1382274;785875;2452516
21617706578;11673600;1051504;2359196;1262399;754290;2359196
21614283532;11673600;1082587;2455693;1338188;785615;2455693
21822520906;11776000;1090312;2475697;1430359;789783;2475697
21811565638;11776000;1059745;2400813;1316869;760011;2400813
21812597676;11776000;1091002;2474300;1400260;791019;2474300
21810509236;11776000;1091075;2474090;1294544;790997;2474090
21816564458;11776000;1060529;2402760;1408404;760036;2402760
21808389986;11776000;1091037;2473002;1261684;791116;2473002
21810520326;11776000;1060138;2401539;1364977;760340;2401539
21809145038;11776000;1091037;2472488;1239542;791216;2472488
21812939434;11776000;1060115;2402413;1377685;759897;2402413
21809528376;11776000;1090159;2437978;1331016;789463;2437978
21998051248;11878400;1067991;2396690;1346824;765536;2396690
22000548038;11878400;1069272;2384403;1252006;766268;2384403
21998516892;11878400;1067856;2399001;1394267;764713;2399001
21997477304;11878400;1098924;2465053;1229277;796472;2465053
21999287342;11878400;1099058;2472505;1405541;796176;2472505
21984369844;11878400;1067923;2395405;1282599;764717;2395405
21996389908;11878400;1098715;2470540;1375539;795725;2470540
21975281062;11878400;1068119;2418303;1257268;765663;2418303
22001287424;11878400;1068334;2420074;1406072;765195;2420074
21999940746;11878400;1099017;2492849;1284147;795692;2492849
22171679924;11980800;1106834;2478900;1402931;801241;2478900
22188074778;11980800;1106784;2474783;1311817;801096;2474783
22186012550;11980800;1106944;2488197;1371117;801908;2488197
22190622820;11980800;1108506;2491568;1504249;802875;2491568
22168375052;11980800;1107339;2485319;1288461;802006;2485319
22187955358;11980800;1106894;2488825;1431053;801839;2488825
22188746974;11980800;1107186;2510355;1308206;801855;2510355
22191251030;11980800;1106499;2509588;1366431;801159;2509588
22194952364;11980800;1076205;2438409;1386225;771224;2438409
22191844244;11980800;1107535;2510572;1263774;801767;2510572
22381400208;12083200;1084411;2457310;1453666;776361;2457310
22376888270;12083200;1115474;2528750;1381263;807305;2528750
22365598660;12083200;1084572;2457468;1326554;776012;2457468
22380019304;12083200;1115467;2528409;1449364;807393;2528409
22380402236;12083200;1085621;2457146;1384428;777550;2457146
22378830568;12083200;1115170;2527131;1267920;807376;2527131
22381545452;12083200;1084347;2457116;1458291;776668;2457116
22377462610;12083200;1115539;2527918;1365310;807601;2527918
22367919042;12083200;1115397;2527501;1277443;807152;2527501
22392975862;12083200;1115425;2529583;1475804;806750;2529583
22568661584;12185600;1123412;2514673;1402431;812282;2514673
22575118084;12185600;1123958;2512950;1364057;812209;2512950
22568214692;12185600;1092549;2438733;1283819;781807;2438733
22539564140;12185600;1123361;2526143;1470064;812838;2526143
22776434208;12185600;1124314;2557186;1551573;812659;2557186
